PXg_m,PXg_sd,PYg_m,PYg_sd,PZg_m,PZg_sd,HXg_m,HXg_sd,HYg_m,HYg_sd,HZg_m,HZg_sd,KXg_m,KXg_sd,KYg_m,KYg_sd,KZg_m,KZg_sd,AXg_m,AXg_sd,AYg_m,AYg_sd,AZg_m,AZg_sd
10.7398,4.91009,1.33612,1.5406,4.20039,3.15313,36.647,5.93597,0.295859,2.60587,-9.60745,7.02838,3.97459,4.025,-1.57009,2.60845,-22.8574,8.74504,5.67674,3.22367,-5.97616,3.31007,-5.50411,4.17272
10.6969,4.91974,1.56166,1.57852,4.31023,3.15386,36.3857,5.96215,0.691661,2.61651,-9.55711,7.00949,4.9971,4.10984,-1.73307,2.62343,-22.8551,8.68057,4.34048,3.27538,-5.95046,3.3019,-5.2835,4.19413
10.6407,4.92773,1.8328,1.61694,4.36353,3.13863,36.0739,5.97124,1.12808,2.6322,-9.46467,7.00149,6.14683,4.22405,-1.84593,2.65958,-22.5567,8.67145,2.69878,3.31937,-5.81892,3.28066,-5.07945,4.21559
10.5714,4.93452,2.14472,1.6552,4.35993,3.1081,35.7291,5.96948,1.59164,2.65375,-9.30522,7.01229,7.39643,4.36272,-1.89144,2.71315,-21.8994,8.70689,0.98022,3.32714,-5.55808,3.23599,-4.89524,4.23128
10.4881,4.94059,2.49157,1.69288,4.30268,3.06341,35.368,5.97002,2.08065,2.68095,-9.05649,7.04879,8.73987,4.52089,-1.86875,2.77916,-20.8754,8.76927,-0.568706,3.28516,-5.16628,3.16455,-4.731,4.24031
10.3897,4.94594,2.86541,1.7303,4.19894,3.00512,34.9997,5.98684,2.60215,2.71523,-8.70958,7.11224,10.1721,4.68766,-1.79223,2.85426,-19.5511,8.84563,-1.74463,3.20246,-4.66999,3.07359,-4.58347,4.24454
10.2757,4.95001,3.25574,1.76759,4.05972,2.93437,34.6208,6.02677,3.16515,2.75897,-8.27643,7.19684,11.6688,4.84679,-1.68648,2.93608,-18.0605,8.92356,-2.43959,3.10311,-4.11943,2.97523,-4.44583,4.24615
10.1464,4.95191,3.64955,1.80509,3.89958,2.8527,34.211,6.08812,3.77269,2.81322,-7.79145,7.28911,13.1745,4.98448,-1.57764,3.02049,-16.5635,8.98433,-2.64876,3.01071,-3.57228,2.87961,-4.31137,4.2429
10.0034,4.95051,4.03188,1.84321,3.73489,2.76186,33.7391,6.16259,4.41367,2.87673,-7.309,7.371,14.6122,5.09653,-1.48626,3.10029,-15.1988,9.01136,-2.44297,2.94059,-3.07904,2.79127,-4.17837,4.2322
9.84961,4.94466,4.38661,1.88173,3.58184,2.66386,33.1707,6.23907,5.06184,2.94497,-6.88797,7.42563,15.8978,5.19013,-1.42288,3.16823,-14.0515,9.00628,-1.92911,2.89578,-2.67243,2.71209,-4.05011,4.21467
9.68931,4.93355,4.69814,1.91937,3.45461,2.56201,32.4778,6.30416,5.67983,3.01337,-6.57876,7.44361,16.9581,5.2733,-1.38783,3.21909,-13.1499,8.98878,-1.22064,2.87439,-2.36598,2.64411,-3.93538,4.19437
9.52805,4.91696,4.9526,1.95444,3.36434,2.45954,31.6478,6.34724,6.22634,3.07937,-6.41324,7.42532,17.7466,5.34673,-1.37336,3.25075,-12.4841,8.97913,-0.415862,2.86933,-2.15924,2.5879,-3.84459,4.17643
9.37205,4.89557,5.13922,1.98387,3.3169,2.36004,30.6853,6.36424,6.66784,3.1399,-6.39511,7.37943,18.2493,5.40922,-1.368,3.26346,-12.027,8.98483,0.409719,2.87274,-2.04252,2.54279,-3.78541,4.16331
9.22763,4.87091,5.25091,2.00379,3.31282,2.26673,29.6094,6.3584,6.98497,3.18891,-6.50158,7.31798,18.4808,5.45905,-1.36071,3.25889,-11.7527,9.00211,1.20498,2.87846,-2.00248,2.50816,-3.75946,4.15506
9.10129,4.84532,5.28447,2.01167,3.34696,2.18151,28.4474,6.33858,7.1758,3.21932,-6.68857,7.25182,18.4742,5.4955,-1.34361,3.23983,-11.641,9.02064,1.94102,2.88273,-2.02424,2.48403,-3.76222,4.15
8.99849,4.82145,5.24108,2.00687,3.40939,2.10469,27.2291,6.31482,7.2529,3.2264,-6.9045,7.19017,18.2737,5.51696,-1.3135,3.21104,-11.6729,9.02893,2.60705,2.88277,-2.09284,2.47123,-3.78487,4.14601
8.9233,4.80164,5.12495,1.99037,3.48761,2.03529,25.9808,6.29327,7.23591,3.20972,-7.10247,7.13976,17.923,5.51811,-1.27074,3.1775,-11.8268,9.01867,3.2036,2.87683,-2.1942,2.47097,-3.81723,4.14199
8.87789,4.78746,4.94275,1.96433,3.56789,1.97189,24.7227,6.27567,7.14627,3.17337,-7.24893,7.10689,17.4602,5.49195,-1.21838,3.14228,-12.0748,8.9873,3.7377,2.86304,-2.31574,2.48444,-3.85049,4.138
8.86194,4.77958,4.70293,1.93144,3.63721,1.91279,23.4663,6.26154,7.00258,3.12423,-7.32879,7.09702,16.914,5.43594,-1.16031,3.10651,-12.384,8.9394,4.21871,2.84095,-2.44721,2.51216,-3.87873,4.13499
8.87267,4.77783,4.41499,1.89386,3.68473,1.85732,22.2167,6.25031,6.81829,3.06874,-7.34525,7.11217,16.3055,5.35312,-1.09966,3.07013,-12.7209,8.88531,4.65567,2.81188,-2.58142,2.55288,-3.89973,4.13397
8.90535,4.78098,4.08837,1.85339,3.70194,1.80599,20.9736,6.24076,6.60203,3.01115,-7.31446,7.1482,15.6489,5.24898,-1.03835,3.03237,-13.056,8.83432,5.05547,2.77776,-2.71431,2.60177,-3.91427,4.13544
8.95435,4.78781,3.73158,1.81044,3.68325,1.76078,19.7358,6.23146,6.35864,2.95189,-7.25813,7.19575,14.9549,5.12916,-0.977154,2.99275,-13.3678,8.78984,5.42332,2.74131,-2.84422,2.65077,-3.92496,4.13953
9.01306,4.79648,3.35334,1.76537,3.62681,1.72516,18.5005,6.22065,6.09262,2.8901,-7.1956,7.24351,14.2327,4.99864,-0.915579,2.95164,-13.646,8.75054,5.76363,2.70486,-2.9711,2.6915,-3.93504,4.14557
9.07553,4.80531,2.96094,1.71807,3.53238,1.70248,17.2674,6.20696,5.80786,2.82389,-7.13929,7.28134,13.4924,4.86095,-0.852707,2.91013,-13.8887,8.71443,6.08075,2.66974,-3.09565,2.71871,-3.94719,4.15283
9.1367,4.81269,2.56125,1.66844,3.4023,1.69577,16.038,6.19037,5.50919,2.75227,-7.09281,7.30334,12.7449,4.72022,-0.787582,2.8699,-14.1019,8.6814,6.3803,2.63653,-3.21889,2.7321,-3.96294,4.16062
9.19306,4.81743,2.16084,1.61664,3.24057,1.70648,14.8152,6.17206,5.20238,2.67564,-7.05228,7.30725,12.0011,4.58122,-0.719578,2.83231,-14.296,8.65504,6.66878,2.60577,-3.34151,2.73572,-3.9828,4.16846
9.24295,4.81902,1.76599,1.56297,3.05175,1.73412,13.6028,6.15421,4.89343,2.59511,-7.00893,7.29467,11.2709,4.44912,-0.648048,2.79844,-14.4816,8.63828,6.95289,2.5783,-3.46353,2.73505,-4.00659,4.176
9.28658,4.81743,1.38239,1.50866,2.84148,1.77679,12.4044,6.13891,4.58797,2.51271,-6.95294,7.27108,10.562,4.32841,-0.572714,2.76863,-14.668,8.63293,7.23938,2.55506,-3.58421,2.73578,-4.03372,4.18303
9.32555,4.81294,1.01521,1.45541,2.61413,1.83174,11.223,6.12769,4.29086,2.4301,-6.87544,7.24389,9.8791,4.22257,-0.493151,2.74289,-14.8607,8.63858,7.53333,2.53707,-3.70222,2.74199,-4.06376,4.18933
9.36272,4.80627,0.669186,1.40532,2.37372,1.8959,10.061,6.12118,4.00628,2.34868,-6.77147,7.22142,9.22446,4.13323,-0.409192,2.7211,-15.0616,8.65301,7.83825,2.52493,-3.81601,2.756,-4.09628,4.19468
9.40137,4.79816,0.348493,1.36053,2.12317,1.96596,8.91997,6.11932,3.73802,2.26947,-6.63994,7.20949,8.5989,4.06058,-0.321263,2.70285,-15.2697,8.67336,8.1561,2.51898,-3.92422,2.77815,-4.13093,4.19909
9.44494,4.7893,0.0572395,1.32274,1.86431,2.03898,7.80186,6.12151,3.49016,2.1934,-6.48248,7.21104,8.00298,4.00348,-0.230802,2.68766,-15.4828,8.69641,8.48788,2.51862,-4.02595,2.80711,-4.16723,4.20264
9.49621,4.78028,-0.201548,1.29316,1.59782,2.11349,6.70792,6.12682,3.2662,2.12135,-6.30365,7.2252,7.43724,3.96014,-0.139965,2.67492,-15.6978,8.71867,8.83381,2.52328,-4.12112,2.84041,-4.20439,4.20551
9.55737,4.77149,-0.425539,1.27247,1.32316,2.18858,5.63976,6.13447,3.06927,2.0542,-6.10987,7.24838,6.90365,3.92867,-0.0515424,2.664,-15.9103,8.7369,9.19417,2.53218,-4.21029,2.87526,-4.24156,4.20801
9.62994,4.76302,-0.612787,1.26052,1.03899,2.26406,4.59957,6.14389,2.90215,1.99277,-5.90775,7.27555,6.4067,3.90749,0.0314237,2.65425,-16.1152,8.74904,9.57021,2.54507,-4.29417,2.90937,-4.27801,4.21054
9.71415,4.75506,-0.76308,1.25599,0.743552,2.34032,3.58875,6.15546,2.7657,1.93781,-5.70414,7.30174,5.9515,3.89566,0.106287,2.64523,-16.306,8.75444,9.963,2.5623,-4.37369,2.94131,-4.31325,4.21356
9.80939,4.74799,-0.876565,1.25648,0.43463,2.41769,2.60895,6.1703,2.65976,1.89007,-5.50569,7.32316,5.54549,3.89257,0.170811,2.63667,-16.4755,8.75379,10.3739,2.58491,-4.44959,2.97047,-4.34691,4.2176
9.9137,4.74236,-0.954903,1.26052,0.110479,2.49646,1.66098,6.1897,2.5821,1.85044,-5.3184,7.33775,5.19707,3.89797,0.223537,2.62823,-16.6152,8.74923,10.8041,2.61475,-4.52219,2.99683,-4.37859,4.2232
10.0244,4.73883,-1.00063,1.2665,-0.229902,2.57638,0.745586,6.2149,2.52913,1.81958,-5.14741,7.34553,4.91595,3.91144,0.263275,2.61964,-16.7167,8.7432,11.2539,2.65355,-4.59142,3.0207,-4.40724,4.23068
10.1385,4.73829,-1.0173,1.2734,-0.586117,2.65617,-0.136507,6.24697,2.49588,1.79809,-4.99739,7.34801,4.71253,3.93227,0.288876,2.61059,-16.771,8.73778,11.7224,2.70234,-4.65673,3.04255,-4.43099,4.24032
10.2526,4.74163,-1.00952,1.28093,-0.956093,2.73389,-0.984615,6.28594,2.47622,1.7866,-4.87245,7.34794,4.5974,3.95871,0.298934,2.60097,-16.7706,8.73439,12.2078,2.76084,-4.71729,3.06284,-4.44688,4.2523
10.363,4.74964,-0.983127,1.28936,-1.33598,2.80689,-1.79779,6.33101,2.4629,1.78555,-4.77532,7.34818,4.58205,3.98885,0.291252,2.59093,-16.709,8.73386,12.7065,2.82792,-4.77199,3.08204,-4.45074,4.26677
10.4661,4.76239,-0.945515,1.29953,-1.72058,2.87283,-2.57596,6.38025,2.44754,1.79479,-4.70599,7.35067,4.67461,4.02131,0.263743,2.58112,-16.5842,8.73701,13.2133,2.90239,-4.81994,3.10087,-4.43802,4.28372
10.5584,4.77929,-0.905114,1.31199,-2.10346,2.92907,-3.31886,6.43101,2.42088,1.81345,-4.66356,7.35608,4.88276,4.05579,0.213933,2.57251,-16.3966,8.74481,13.721,2.98307,-4.86041,3.11995,-4.40362,4.303
10.6368,4.79906,-0.871229,1.32702,-2.47722,2.97302,-4.02582,6.48059,2.37295,1.84045,-4.64637,7.36278,5.21241,4.09411,0.139647,2.56639,-16.1509,8.75879,14.2197,3.06999,-4.89338,3.14008,-4.34252,4.32447
10.699,4.81995,-0.853405,1.34483,-2.83381,3.00282,-4.6955,6.52637,2.29348,1.87479,-4.65383,7.36771,5.6673,4.14114,0.0394493,2.56409,-15.8558,8.78074,14.6965,3.16494,-4.92004,3.16191,-4.25047,4.34779
10.7429,4.83991,-0.860736,1.36551,-3.16514,3.01758,-5.32555,6.56648,2.17238,1.91597,-4.68805,7.36676,6.25039,4.20478,-0.0872499,2.5668,-15.524,8.81323,15.1353,3.27207,-4.94312,3.18616,-4.12421,4.37262
10.768,4.85735,-0.901122,1.3893,-3.46412,3.01811,-5.91135,6.60013,2.00028,1.96441,-4.7553,7.35634,6.96401,4.29603,-0.239788,2.57544,-15.1713,8.85817,15.5159,3.39841,-4.96733,3.21332,-3.96224,4.39859
10.7743,4.87134,-0.981146,1.4165,-3.72425,3.00621,-6.44431,6.6277,1.7685,2.02145,-4.8667,7.33407,7.81419,4.42704,-0.417315,2.59036,-14.815,8.91623,15.8119,3.55556,-4.99899,3.24387,-3.76464,4.425
10.7628,4.88167,-1.10536,1.44769,-3.94094,2.98552,-6.91208,6.6514,1.46975,2.08883,-5.03731,7.30124,8.80994,4.61282,-0.618794,2.61123,-14.4728,8.98611,15.9897,3.76252,-5.04567,3.27837,-3.53407,4.45043
10.735,4.88922,-1.27508,1.48283,-4.11157,2.95964,-7.29972,6.67583,1.10013,2.16852,-5.28257,7.26156,9.96222,4.86564,-0.843607,2.63759,-14.16,9.06452,16.0095,4.04569,-5.11432,3.31727,-3.27572,4.47369
10.6918,4.89491,-1.49233,1.52162,-4.23204,2.93136,-7.5834,6.70698,0.653251,2.26145,-5.62103,7.21902,11.2967,5.19593,-1.09328,2.66934,-13.8909,9.14769,15.8075,4.44446,-5.21162,3.3604,-2.99594,4.49276
10.6348,4.90029,-1.75239,1.56362,-4.30459,2.9044,-7.74616,6.75303,0.132869,2.36713,-6.05656,7.17973,12.8256,5.60734,-1.3683,2.70714,-13.6706,9.23235,15.3274,4.99896,-5.33761,3.40656,-2.70559,4.50702
10.5642,4.90634,-2.05129,1.60749,-4.33022,2.87988,-7.76515,6.82255,-0.458496,2.48202,-6.58813,7.14481,14.5727,6.09717,-1.67049,2.75345,-13.4988,9.31684,14.4934,5.73883,-5.48776,3.45308,-2.4171,4.5163
10.4793,4.91363,-2.38285,1.6517,-4.31216,2.85653,-7.62121,6.92252,-1.11367,2.59984,-7.20164,7.11116,16.5568,6.6516,-2.00062,2.81206,-13.3654,9.40294,13.2309,6.65523,-5.65034,3.49713,-2.14612,4.52243
10.3796,4.92204,-2.73883,1.69471,-4.2567,2.83216,-7.29953,7.05718,-1.82121,2.71174,-7.86867,7.07298,18.7904,7.2501,-2.35698,2.88728,-13.2489,9.49552,11.4792,7.68752,-5.80544,3.53696,-1.91114,4.52937
10.264,4.93086,-3.10967,1.73524,-4.17166,2.80259,-6.78894,7.22679,-2.56642,2.80779,-8.55217,7.02448,21.2797,7.86369,-2.73555,2.98207,-13.12,9.59971,9.20246,8.72446,-5.92651,3.57184,-1.73291,4.54207
10.1328,4.93896,-3.48396,1.77258,-4.06721,2.76285,-6.08481,7.42638,-3.33047,2.87981,-9.20886,6.96471,24.0178,8.45847,-3.12918,3.09751,-12.9433,9.725,6.41263,9.61057,-5.985,3.6051,-1.63102,4.56439
9.98717,4.94485,-3.84908,1.8067,-3.95459,2.70924,-5.18777,7.64821,-4.09212,2.92374,-9.79592,6.9009,26.9853,8.99949,-3.52835,3.23269,-12.6849,9.87848,3.17831,10.1876,-5.95464,3.6379,-1.62313,4.5957
9.82968,4.94682,-4.19163,1.83826,-3.84539,2.64023,-4.10372,7.88305,-4.82847,2.94088,-10.277,6.84553,30.1492,9.45468,-3.92297,3.38557,-12.3201,10.0671,-0.37021,10.3406,-5.81723,3.66403,-1.72259,4.63011
9.66428,4.94324,-4.49793,1.86834,-3.7506,2.55668,-2.84287,8.12121,-5.51591,2.93708,-10.6266,6.81133,33.4627,9.79637,-4.3025,3.55486,-11.8386,10.2924,-4.03969,10.0405,-5.56615,3.66759,-1.93568,4.65894
9.49595,4.93286,-4.75436,1.89736,-3.6798,2.46186,-1.41763,8.35414,-6.13056,2.91866,-10.8316,6.805,36.8649,10.0039,-4.65716,3.74009,-11.2464,10.5496,-7.58744,9.3511,-5.20956,3.6313,-2.26,4.6733
9.33041,4.91574,-4.95038,1.92567,-3.63878,2.36069,0.153513,8.57362,-6.6532,2.89179,-10.8975,6.82567,40.2858,10.0668,-4.98049,3.9419,-10.5709,10.8226,-10.7725,8.45928,-4.77223,3.546,-2.68318,4.67012
9.17363,4.89282,-5.07798,1.95229,-3.62919,2.25786,1.85097,8.77293,-7.06783,2.8593,-10.8421,6.86259,43.6508,9.98426,-5.2687,4.15733,-9.85538,11.0907,-13.3778,7.61126,-4.28986,3.41546,-3.18755,4.65226
9.03123,4.86625,-5.13274,1.97577,-3.64828,2.15746,3.65346,8.94661,-7.36366,2.82224,-10.6934,6.90075,46.887,9.76435,-5.52104,4.38018,-9.15374,11.3338,-15.2528,7.03872,-3.80294,3.25622,-3.7526,4.62933
8.90848,4.83894,-5.11346,1.99435,-3.6896,2.0624,5.53924,9.09064,-7.53434,2.78029,-10.4844,6.92738,49.9251,9.42507,-5.73924,4.60178,-8.52517,11.5396,-16.3288,6.85445,-3.34946,3.09228,-4.35875,4.61632
8.80923,4.81422,-5.02245,2.00691,-3.74376,1.97463,7.48478,9.20254,-7.57884,2.73383,-10.248,6.93673,52.7012,8.99278,-5.9254,4.81367,-8.02414,11.713,-16.6242,6.99532,-2.95879,2.94759,-4.9857,4.62885
8.73567,4.79471,-4.8656,2.01341,-3.79962,1.89533,9.46652,9.28147,-7.5023,2.68589,-10.0136,6.92894,55.166,8.50096,-6.08185,5.00825,-7.68714,11.8758,-16.2307,7.28144,-2.64605,2.84118,-5.61622,4.67667
8.68844,4.7822,-4.65008,2.01356,-3.8459,1.82525,11.462,9.327,-7.31281,2.6405,-9.80396,6.90813,57.2777,7.98643,-6.20906,5.18071,-7.53009,12.0518,-15.2777,7.54353,-2.41425,2.7827,-6.23504,4.7597
8.66587,4.77751,-4.38564,2.00747,-3.8729,1.76578,13.4507,9.34083,-7.02446,2.60257,-9.63235,6.88186,59.0156,7.49102,-6.30612,5.3316,-7.53886,12.2539,-13.9217,7.68065,-2.25412,2.77073,-6.82909,4.87026
8.66506,4.77993,-4.08126,1.99504,-3.8727,1.71906,15.4138,9.32538,-6.65146,2.57383,-9.50523,6.85632,60.3645,7.05639,-6.37054,5.45983,-7.68437,12.4747,-12.3055,7.64873,-2.15235,2.79532,-7.38701,4.99423
8.68222,4.78812,-3.74578,1.97582,-3.83941,1.68802,17.3343,9.28371,-6.20927,2.55354,-9.42232,6.83688,61.316,6.71897,-6.39821,5.56458,-7.92404,12.6913,-10.555,7.45408,-2.09276,2.84138,-7.90059,5.11368
8.71271,4.80001,-3.38785,1.94992,-3.76977,1.67563,19.198,9.21976,-5.7144,2.53936,-9.37856,6.82683,61.875,6.50671,-6.38565,5.64276,-8.21256,12.8766,-8.76968,7.13294,-2.05901,2.89381,-8.36898,5.21496
8.75213,4.81343,-3.01529,1.9174,-3.66283,1.68391,20.9917,9.1368,-5.18254,2.52758,-9.36522,6.82801,62.0454,6.43298,-6.32907,5.69264,-8.51432,13.0094,-7.01912,6.72849,-2.03883,2.93959,-8.79301,5.28588
8.79672,4.82657,-2.63533,1.87834,-3.52018,1.71322,22.7041,9.03782,-4.62855,2.51464,-9.37194,6.84014,61.8349,6.49455,-6.22612,5.71246,-8.80694,13.0778,-5.34738,6.28628,-2.02423,2.96968,-9.17588,5.3178
8.84354,4.83803,-2.25458,1.83338,-3.345,1.76196,24.3256,8.92486,-4.06623,2.49842,-9.38808,6.86139,61.2546,6.67568,-6.0766,5.70098,-9.08626,13.0788,-3.77813,5.84136,-2.01198,2.98034,-9.52273,5.31009
8.89086,4.84677,-1.87899,1.78291,-3.14083,1.82698,25.8466,8.79885,-3.50769,2.47772,-9.405,6.88942,60.3098,6.95294,-5.88242,5.65588,-9.36226,13.0151,-2.3237,5.41403,-2.00326,2.97182,-9.8371,5.26618
8.93807,4.85238,-1.51391,1.72799,-2.91265,1.90506,27.2602,8.66005,-2.96371,2.45256,-9.41661,6.92013,59.014,7.30244,-5.64935,5.57675,-9.65754,12.8914,-0.989545,5.01138,-2.00253,2.94796,-10.1225,5.19963
8.98567,4.85461,-1.16404,1.66951,-2.66461,1.99273,28.5603,8.50828,-2.4431,2.42364,-9.42078,6.94924,57.3763,7.70224,-5.38516,5.46355,-9.9983,12.7145,0.218634,4.63302,-2.01594,2.91401,-10.3806,5.12596
9.0352,4.85368,-0.83366,1.60884,-2.40045,2.08732,29.7425,8.34323,-1.9533,2.39278,-9.4187,6.97248,55.4084,8.13415,-5.10012,5.31637,-10.4106,12.4936,1.2943,4.28067,-2.05067,2.87479,-10.6104,5.05984
9.08873,4.84997,-0.526328,1.5479,-2.12342,2.18699,30.805,8.165,-1.50025,2.36219,-9.41532,6.98635,53.1267,8.58321,-4.806,5.13582,-10.9124,12.2416,2.23135,3.95908,-2.11255,2.83508,-10.8116,5.01464
9.14854,4.84392,-0.245662,1.48879,-1.83561,2.29036,31.7455,7.9748,-1.08985,2.33346,-9.41826,6.98846,50.5435,9.03672,-4.51435,4.92408,-11.5156,11.9726,3.02081,3.67601,-2.20752,2.79933,-10.9811,4.99672
9.21648,4.8362,0.00595087,1.43415,-1.53847,2.39687,32.5672,7.77586,-0.725921,2.30977,-9.43567,6.97976,47.6836,9.47898,-4.23515,4.68614,-12.2174,11.7001,3.66146,3.44277,-2.3385,2.77124,-11.1146,5.00609
9.29377,4.82737,0.226366,1.38664,-1.23248,2.50577,33.2729,7.57212,-0.412478,2.29333,-9.47582,6.96473,44.5709,9.88925,-3.9758,4.4327,-13.0086,11.4361,4.15404,3.26887,-2.50763,2.75525,-11.2058,5.03818
9.38091,4.81791,0.41385,1.34855,-0.918056,2.61642,33.8681,7.36932,-0.152565,2.28635,-9.54554,6.94881,41.2367,10.2445,-3.74042,4.17649,-13.8707,11.1826,4.50455,3.15735,-2.71491,2.75408,-11.2471,5.08562
9.47735,4.80826,0.567798,1.32142,-0.595152,2.72801,34.3607,7.1739,0.052359,2.29013,-9.64829,6.93863,37.7208,10.519,-3.52819,3.93205,-14.7787,10.9366,4.72615,3.10498,-2.95761,2.76923,-11.2322,5.1416
9.58174,4.79886,0.688411,1.30525,-0.263613,2.83893,34.7599,6.9916,0.202316,2.30459,-9.78401,6.94029,34.0682,10.6868,-3.33513,3.71219,-15.7075,10.6917,4.83845,3.10484,-3.23135,2.80034,-11.156,5.20222
9.69231,4.79018,0.776999,1.29889,0.0767002,2.94706,35.0768,6.82723,0.298988,2.32767,-9.94863,6.95765,30.333,10.7214,-3.15415,3.5263,-16.6313,10.4419,4.86698,3.14809,-3.52932,2.84455,-11.0158,5.26236
9.80678,4.78289,0.835799,1.29973,0.42548,3.04948,35.3239,6.68353,0.34601,2.35543,-10.1347,6.99122,26.5787,10.6008,-2.97744,3.37715,-17.5281,10.1858,4.84314,3.22764,-3.84314,2.89734,-10.8131,5.31753
9.92259,4.77793,0.868077,1.30523,0.781439,3.14337,35.5145,6.56069,0.349385,2.38272,-10.3309,7.03839,22.8763,10.3106,-2.798,3.26122,-18.3812,9.92917,4.803,3.33509,-4.16322,2.9533,-10.5535,5.36475
10.0368,4.77625,0.878186,1.31321,1.14201,3.22569,35.6616,6.45662,0.317609,2.40424,-10.5243,7.09511,19.3052,9.84243,-2.61221,3.16962,-19.179,9.68439,4.78025,3.45991,-4.47915,3.00769,-10.2478,5.40084
10.1464,4.77886,0.871487,1.32197,1.50358,3.2933,35.7772,6.36744,0.261638,2.41513,-10.6998,7.15759,15.9493,9.19821,-2.42007,3.09103,-19.913,9.46863,4.80324,3.5875,-4.78062,3.05778,-9.90802,5.41926
10.2482,4.78656,0.854317,1.33113,1.86192,3.34337,35.8706,6.28856,0.193918,2.41207,-10.8439,7.2211,12.8876,8.39921,-2.22519,3.01231,-20.5765,9.29514,4.88994,3.70092,-5.05728,3.10231,-9.54794,5.41406
10.3393,4.79947,0.834266,1.34128,2.21225,3.37452,35.9483,6.21655,0.129268,2.39452,-10.9458,7.28149,10.1975,7.48627,-2.03561,2.9237,-21.1594,9.17057,5.04342,3.78324,-5.2984,3.14143,-9.1832,5.38454
10.4166,4.81691,0.81939,1.35424,2.54939,3.38619,36.0115,6.1496,0.083345,2.36395,-10.9979,7.33249,7.94243,6.52286,-1.86099,2.82341,-21.6506,9.09199,5.24689,3.82054,-5.49462,3.17519,-8.82722,5.33465
10.4777,4.83763,0.817916,1.37211,2.86812,3.37913,36.0566,6.0877,0.0716282,2.3241,-10.9978,7.36803,6.16789,5.6032,-1.71179,2.71762,-22.0399,9.04927,5.46272,3.80548,-5.63969,3.20269,-8.48888,5.27027
10.5203,4.86002,0.837706,1.39722,3.16345,3.35555,36.0768,6.03216,0.10653,2.28456,-10.9471,7.38235,4.89385,4.85685,-1.59574,2.62094,-22.3189,9.02719,5.63376,3.74589,-5.73057,3.22133,-8.17084,5.20201
10.5431,4.88246,0.885468,1.43203,3.43054,3.3185,36.0623,5.9853,0.196723,2.25889,-10.852,7.37279,4.11242,4.41501,-1.51568,2.55148,-22.482,9.01344,5.69443,3.66791,-5.76639,3.22772,-7.87413,5.14111
10.545,4.90373,0.965794,1.47772,3.66472,3.27119,36.0028,5.94914,0.34666,2.26022,-10.721,7.34012,3.7892,4.33067,-1.47008,2.52022,-22.5283,8.99509,5.58411,3.6292,-5.74993,3.21843,-7.594,5.09151
10.5257,4.92301,1.08185,1.53493,3.86141,3.21662,35.891,5.9255,0.557124,2.29779,-10.5618,7.28826,3.87559,4.52975,-1.45386,2.52762,-22.4575,8.96586,5.26286,3.69459,-5.68515,3.19307,-7.3245,5.05574
10.4856,4.93955,1.23553,1.60312,4.01723,3.15857,35.7249,5.91525,0.825057,2.37239,-10.3816,7.22428,4.31466,4.86805,-1.45928,2.56466,-22.2676,8.9242,4.7215,3.87956,-5.57599,3.15453,-7.06043,5.03465
